,news_text
0,"    สื่ออิสราเอล รายงานว่า กระทรวงสาธารณสุขอิสราเอล เตรียมทำลายวัคซีนโควิด-19 ของไฟเซอร์-ไบโอเอ็นเทค อย่างน้อย 800,000 โดส ที่จะหมดอายุ ในช่วงปลายเดือนกรกฎาคมนี้ หากไม่สามารถหาผู้ซื้อได้ในอีก 2 สัปดาห์ข้างหน้า"
1,            จังหวัดลำปางมีหนังสือด่วนที่สุด ลงวันที่ 30 มิถุนายน 2564 ส่งถึงหน่วยงานราชการ องค์กรปกครองส่วนท้องถิ่น และภาคเอกชน เรื่อง ขอความร่วมมือในการควบคุมการเดินทางของบุคคลเข้ามายังพื้นที่จังหวัดลำปาง เพื่อควบคุมสถานการณ์โรคโควิด 19 ของจังหวัด ให้อยู่ในสถานการณ์ที่จำกัด โดยระบุว่า ด้วยสถานการณ์การแพร่ระบาดของโรคติดเชื้อไวรัสโคโรนา 2019 ในพื้นที่จังหวัดลำปาง ในช่วง 4 วันที่ผ่านมา จังหวัดลำปางพบผู้ติดเชื้อรายใหม่จำนวน 4 ราย ซึ่งเป็นผู้ที่เดินทางมาจากพื้นที่ควบคุมสูงสุดและเข้มงวด และจากไทม์ไลน์ของผู้ติดเชื้อโควิด 19 ปรากฏว่าเมื่อเดินทางเข้ามาในพื้นที่จังหวัดลำปางแล้วไม่ได้ดำเนินการตามมาตรการควบคุมโรคจังหวัดลำปางได้กำหนดไว้คณะกรรมการโรคติดต่อจังหวัดลำปางได้มีมติในคราวการประชุม ครั้งที่ 28/2564 เมื่อวันที่ 29 มิถุนายน 2564 ทบทวนมาตรการควบคุมการเดินทางของบุคคลที่เข้ามายังพื้นที่จังหวัดลำปาง เพื่อให้สอดคล้องกับสถานการณ์ปัจจุบัน จังหวัดลำปางจึงขอเน้นย้ำให้ทุกภาคส่วนดำเนินการตามมาตรการที่จังหวัดลำปางกำหนด ดังนี้ 
2,           วัคซีนโควิด-19 ของแอสตราเซเนกาที่ผลิตในอินเดีย หรือที่เรียกว่า โควิชีลด์ ไม่ผ่านการอนุมัติใช้ในสหภาพยุโรป เนื่องจากเป็นไปได้ว่าอาจมีความแตกต่างจากวัคซีนแอสตราเซเนกาดั้งเดิม
3,           บริษัทเคียวร์แวคของเยอรมนีเปิดเผยผลการทดลองขั้นสุดท้ายชี้ว่า วัคซีนโควิด-19ชนิด                เอ็มอาร์เอ็นเอ ที่บริษัทพัฒนาขึ้น มีประสิทธิภาพเพียงร้อยละ 48 เท่านั้น ซึ่งต่ำกว่าวัคซีนชนิด              เดียวกันของไฟเซอร์/ ไบโอเอ็นเทคและโมเดอร์นา ค่อนข้างมาก โดยผลการทดลองดังกล่าวเป็นไปตามคาด หลังผลการทดลองเบื้องต้นที่มีการเผยแพรก่อนหน้านี้พบว่าวัคซีนมีประสิทธิภาพต่ำ 
4,"โปรยหัว:        ทั่วโลกตระหนักถึงความร้ายกาจของโรคโควิด-19 และทราบดีว่าวัคซีนเป็นหนทางเดียวที่จะเอาชนะการระบาดใหญ่ครั้งนี้ได้ แต่ขณะที่หลายชาติเดินหน้าฉีดวัคซีนอย่างเต็มที่ ประชาชนในบางประเทศกลับยังเฝ้ารอวัคซีนเข็มแรกของพวกเขาอยู่  ซึ่งเป็นความเหลื่อมล้ำที่เห็นได้ชัดในเวลานี้...ติดตามเรื่องนี้จากรายงานพิเศษ..//  ผู้รายงาน:      การระบาดใหญ่ของโรคโควิด-19จะสิ้นสุดลงได้ก็ต่อเมื่อประชากรส่วนใหญ่ในโลกมีภูมิคุ้มกันต่อไวรัสร้ายที่ก่อโรคนี้ ซึ่งเป้าหมายดังกล่าวจะบรรลุผลได้ด้วยการฉีดวัคซีน        เหมือนเช่นเมื่อครั้งเกิดโรคระบาดที่ผ่านมา ด้วยเหตุนี้แต่ละประเทศจึงเดินหน้าฉีดวัคซีนอย่างเต็มที่ ทำให้จนถึงขณะนี้ทั่วโลกมีการฉีดวัคซีนโควิด-19 แล้วกว่า 3,000 ล้านโดส                       อย่างไรก็ตามเนื่องจากครั้งนี้เป็นการระบาดใหญ่ วัคซีนเป็นที่ต้องการปริมาณมาก และการที่ชาติร่ำรวยพากันกักตุนวัคซีนก็ทำให้บางประเทศยังไม่สามารถขับเคลื่อนโครงการฉีดวัคซีนได้ รวมถึง 5 ชาติสมาชิกองค์การอนามัยโลกอย่างบุรุนดี แทนซาเนีย เฮติ เกาหลีเหนือและเอริเทรีย ที่ยังไม่ได้ฉีดวัคซีนแม้เพียงโดสเดียว เป็นความเหลื่อมล้ำที่เห็นได้อย่างชัดเจน                     "
5,           วัคซีนโควิด-19 ของแอสตราเซเนกาที่ผลิตในอินเดีย หรือที่เรียกว่า โควิชีลด์ ไม่ผ่านการอนุมัติใช้ในสหภาพยุโรป เนื่องจากเป็นไปได้ว่าอาจมีความแตกต่างจากวัคซีนแอสตราเซเนกาดั้งเดิม
6,           บริษัทเคียวร์แวคของเยอรมนีเปิดเผยผลการทดลองขั้นสุดท้ายชี้ว่า วัคซีนโควิด-19ชนิดเอ็มอาร์เอ็นเอ ที่บริษัทพัฒนาขึ้น มีประสิทธิภาพเพียงร้อยละ 48 เท่านั้น ซึ่งต่ำกว่าวัคซีนชนิดเดียวกันของไฟเซอร์/ ไบโอเอ็นเทคและโมเดอร์นา ค่อนข้างมาก โดยผลการทดลองดังกล่าวเป็นไปตามคาด หลังผลการทดลองเบื้องต้นที่มีการเผยแพรก่อนหน้านี้พบว่าวัคซีนมีประสิทธิภาพต่ำ 
7,"        กระทรวงสาธารณสุข ใช้แนวทาง 4 D (Diet, Development & play, Dental และ Diseases) ยกระดับสถานพัฒนาเด็กปฐมวัย ส่งเสริมพัฒนาการด้านอาหาร การเล่น สุขภาพฟัน และการป้องกันโรค พร้อมย้ำให้ สถานพัฒนาเด็กปฐมวัยเข้มงวดมาตรการของกระทรวงสาธารณสุขอย่างเคร่งครัดป้องกันโควิด-19"
8,           สำนักข่าวเอเอฟพี รายงานโดยอ้างแถลงการณ์ของ ดร.มาร์โค คาวาเลอรี หัวหน้าฝ่ายยุทธศาสตร์ด้านวัคซีนขององค์การยาแห่งสหภาพยุโรป หรือ อีเอ็มเอ ที่ระบุว่า วัคซีนโควิด-19 ได้รับการอนุมัติให้ใช้ในสหภาพยุโรป ทั้ง 4 ชนิด ประกอบด้วยวัคซีนของไฟเซอร์-ไบโอเอ็นเทค โมเดอร์นา แอสตราเซเนกา และจอห์นสันแอนด์จอห์นสัน มีประสิทธิภาพในการต้านเชื้อโควิด-19 ทุกสายพันธุ์ รวมถึงสายพันธุ์เดลตา ที่แพร่ระบาดอย่างรวดเร็ว
10, 
11,           กระทรวงสาธารณสุขแอฟริกาใต้เปิดเผยว่า หน่วยงานกำกับดูแลผลิตภัณฑ์ด้านสุขภาพแห่งชาติอนุมัติการใช้วัคซีนโควิด-19 “โคโรนาแวค” ของบริษัทซิโนแวค ไบโอเทค จากจีน เป็นกรณีฉุกเฉินแล้วนับเป็นวัคซีนขนานที่ 4 ที่อนุมัติให้ใช้ในประเทศถัดจากวัคซีนของไฟเซอร์-ไบโอเอ็นเทค แอสตราเซเนกา และจอห์นสันแอนด์จอห์นสัน เพื่อเร่งโครงการฉีดวัคซีน-19 หลังมีประชากรที่ได้รับวัคซีนครบโดสแล้ว เพียงร้อยละ 5 หรือประมาณ 3 ล้าน 3 แสนคน จากประชากรทั้งหมด กว่า 60 ล้านคน
12,           อิสราเอลกำลังเจรจากับประเทศอื่น ๆ เพื่อมอบวัคซีนโควิด-19 ของไฟเซอร์/                    ไบโอเอ็นเทค ส่วนเกินที่จะหมดอายุภายในสิ้นเดือนนี้ โดยการทำข้อตกลงใดๆ จะต้องได้รับการอนุมัติจากบริษัทไฟเซอร์ก่อน
13, กรณีมีการเผยแพร่เอกสารการประชุมของคณะกรรมการด้านวิชาการตาม พ.ร.บ.โรคติดต่อ พ.ศ.2558 คณะอนุกรรมการสร้างเสริมภูมิคุ้มกันโรค และคณะทำงานวิชาการด้านบริหารจัดการและศึกษาการให้บริการวัคซีน โดยประเด็นที่ถูกวิพากษ์วิจารณ์ คือ ในที่ประชุมมีการพูดว่า หากนำวัคซีนไฟเซอร์เข็มที่ 3 มากระตุ้นบุคลากรที่ฉีดวัคซีนซิโนแวค 2 เข็ม จะแสดงว่าซิโนแวคไม่มีประสิทธิภาพนั้น จนเกิดกระแสวิพากษ์วิจารณ์ว่า เรื่องนี้จริงหรือไม่
14,พลเอก ประยุทธ์ จันทร์โอชา นายกรัฐมนตรีและรัฐมนตรีว่าการกระทรวงกลาโหม เป็นประธานการประชุมคณะรัฐมนตรี ผ่านระบบ Video Conference จากบ้านพักในกรมทหารราบที่ 1 มหาดเล็กราชวัลลภรักษาพระองค์ เนื่องจากสถานการณ์โควิด-19 ที่ล่าสุดนายกรัฐมนตรีอยู่ในกลุ่มที่ต้องกักตัวเฝ้าดูอาการหลังพบว่านายวีรศักดิ์ พิษณุวงษ์ ประธานหอการค้าจังหวัดสุรินทร์ที่ได้มาขอถ่ายภาพคู่กับนายกรัฐมนตรีในงานเปิดโครงการภูเก็ตแซนด์บ็อกซ์เมื่อวันที่ 1 กรกฎาคมที่ผ่านมาติดเชื้อโควิด-19 แม้ว่าผลตรวจเชื้อล่าสุดนายกรัฐมนตรีจะออกมาเป็นลบแต่ก็ต้องปฏิบัติตัวตามมาตรการสาธารณสุขเพราะถือว่าสัมผัสใกล้ชิดผู้ป่วยอยู่ในเกณฑ์เสี่ยงสูง ดังนั้นจึงถือเป็นครั้งแรกที่นายกรัฐมนตรีต้องวีดีโอคอนเฟอเรนซ์จากบ้านพัก ซึ่งเบื้องต้นนายกรัฐมนตรีจะกักตัวประมาณ 7 วัน
15,           สำนักข่าวต่างประเทศ รายงานโดยอ้างผลการศึกษาของกระทรวงสาธารณสุขอิสราเอล ที่ระบุว่า เชื้อโควิด-19 สายพันธุ์เดลตา ที่พบครั้งแรกในอินเดีย ส่งผลให้วัคซีนโควิด-19 ของไฟเซอร์-ไบโอเอ็นเทค มีประสิทธิภาพลดลง โดยประสิทธิภาพในการป้องกันการติดเชื้อและการเกิดอาการป่วย ลดลงเหลือร้อยละ 64 ส่วนประสิทธิภาพในการป้องกันอาการป่วยรุนแรง ลดลงอยู่ที่ร้อยละ 93 อย่างไรก็ตาม ทางการอิสราเอล ไม่ได้เปิดเผยรายละเอียดเพิ่มเติม เกี่ยวกับผลการศึกษาดังกล่าว 
16,นายอนุชา บูรพชัยศรี โฆษกประจำสำนักนายกรัฐมนตรี กล่าวว่า ครม.เห็นชอบให้กระทรวงสาธารณสุข จัดหาวัคซีนไฟเซอรและมอบให้อธิบดีกรมควบคุมโรค ลงนามในสัญญา เจรจากับผู้ผลิตอีกครั้ง เบื้องต้นคาดว่า จะจัดซื้อจำนวน 20 ล้านโดส แต่ขณะนี้ยังไม่สามารถเปิดเผยรายละเอียดสัญญาได้ และ ครม.เห็นชอบข้อตกลงกับทางสหรัฐฯ รับมอบความช่วยเหลือวัคซีนไฟเซอร์ ซึ่งเป็นอีกส่วนหนึ่งที่รัฐบาลดำเนินการเพิ่มเติม ขณะที่วัคซีนโมเดอร์นา ซึ่งถือเป็นวัคซีนทางเลือกที่ประชาชนจะต้องชำระเงินกับภาคเอกชน ที่ประชุม ครม. เห็นชอบให้องค์การเภสัชกรรมเป็นตัวกลางในการจัดหาวัคซีน  และ ผอ.องค์การเภสัชกรรม ลงนามในสัญญาและไปเจรจากับผู้ผลิต
17,ประมวลข่าวทั่วไทยประจำวันที่ 6 กรกฎาคม 2564
18,           สำนักข่าวต่างประเทศ รายงานว่า รัฐบาลอิสราเอลบรรลุข้อตกลงแลกเปลี่ยนวัคซีนโควิด-19 กับเกาหลีใต้  โดยทางการอิสราเอล จะจัดส่งวัคซีนของไฟเซอร์-ไบเอ็นเทค ที่ใกล้หมดอายุ ในวันที่ 31 กรกฎาคม นี้ จำนวน 7 แสนโดส ให้แก่เกาหลีใต้ ภายในเดือนนี้ ส่วนทางการเกาหลีใต้ จะจัดส่งวัคซีนของไฟเซอร์-ไบเอ็นเทค ในจำนวนที่เท่ากันให้แก่อิสราเอล ภาย ในเดือนกันยายนและตุลาคม นี้
19,
20,        เมื่อวันที่ 6 กรกฎาคม 2564 ที่กระทรวงสาธารณสุข จ.นนทบุรี : นายอนุทิน ชาญวีรกูล รองนายกรัฐมนตรีและรัฐมนตรีว่าการกระทรวงสาธารณสุข เปิดเผยว่า กระทรวงสาธารณสุขได้นำหลักการลงนามในสัญญาการจัดซื้อวัคซีนไฟเซอร์ ซึ่งคู่สัญญาคือกรมควบควบคุมโรค และการจัดซื้อวัคซีนโมเดอร์นา ซึ่งเป็นวัคซีนทางเลือก ตามนโยบาย ศบค. และรัฐบาล เข้าขอความเห็นชอบจากคณะรัฐมนตรี โดยมีการชี้แจงข้อสงสัย ข้อกังวลต่างๆ และฝ่ายกฎหมายได้ชี้แจงความจำเป็นเร่งด่วนในการจัดหา ซึ่งคณะรัฐมนตรีมีมติเห็นชอบมอบหมายให้กรมควบคุมโรคลงนามในสัญญาจัดหาวัคซีนไฟเซอร์ จำนวน 20 ล้านโดส และรับการบริจาคอีกจำนวนหนึ่งจากรัฐบาลสหรัฐอเมริกาในสัญญาเดียวกัน ด้านสำนักงานอัยการสูงสุดได้พิจารณาร่างสัญญาทั้ง 2 ฉบับของกรมควบคุมโรคและองค์การเภสัชกรรม โดยได้อนุมัติกรอบใหญ่ไว้เรียบร้อยแล้ว ขณะนี้หน่วยงานที่เกี่ยวข้องจะพยายามเจรจากับผู้จำหน่ายวัคซีนให้ได้เงื่อนไขที่ดีที่สุด ก่อนที่จะลงนามต่อไป ซึ่งการจัดส่งวัคซีนจะเป็นในไตรมาสที่ 4 ของปี 2564
21," ภาคีบุคลากรสาธารณสุขและกลุ่มหมอไม่ทน  โดยนายแพทย์สันติ กิจวัฒนาไพบูลย์  แต่งชุดดำไว้อาลัยผู้เสียชีวิตจากโควิด -19 นำรายชื่อจากภาคประชาชนและบุคลากรทางการแพทย์ที่ร่วมลงชื่อผ่านทางช่องทางออนไลน์กว่า 215,409 รายชื่อ ยื่นต่อประธานสภาผู้แทนราษฎร พรรคการเมือง ทั้งฝ่ายค้านและรัฐบาล เพื่อให้ช่วยผลักดันข้อเรียกร้องไปยังรัฐบาล รวมถึงองค์การเภสัชกรรม เร่งรัดการนำเข้าวัคซีนชนิด mRNA เช่น ไฟเซอร์  โมเดอร์นา และพิจารณาใช้วัคซีนชนิดดังกล่าวเป็นวัคซีนหลักของประเทศมาบริการฉีดให้ประชาชนทุกคนมโดยไม่เสียค่าใช้จ่าย เนื่องจากมีประสิทธิภาพสูงในการป้องกันโควิด-19 ครอบคลุมเชื้อชนิดกลายพันธุ์ พร้อมให้เผยแพร่ข้อมูลกระบวนการในการจัดหาและกระจายวัคซีนในปัจจุบันอย่างโปร่งใส ตรวจสอบได้ โดยหวังว่ารัฐบาลและองค์การเภสัชกรรมจะทบทวนการทำงานและพิจารณาข้อเรียกร้องข้อเสนอแนะถึงเชิงนโยบายเพื่อเป็นประโยชน์ต่อประเทศในระยะยาว"
22,        รองผู้อำนวยการโรงพยาบาลมหาราชนครเชียงใหม่ แนะผู้ป่วยโรคไตควรฉีดวัคซีน COVID-19 หากติดเชื้อ COVID-19 จะมีความรุนแรงของโรคมากกว่าคนทั่วไป และจะมีโอกาสเสียชีวิตร้อยละ 30-40 
23,ประมวลข่าวทั่วไทยประจำวันที่ 7 กรกฎาคม 2564
24,            (7 ก.ค. 64) สำนักงานประชาสัมพันธ์จังหวัดตราด รายงานว่า คณะรัฐมนตรี (ครม.) มีมติเห็นชอบโครงการจัดหาวัคซีนป้องกันโรคติดเชื้อโควิด-19 โดยอนุมัติจัดซื้อวัคซีนเพิ่มเติม ดังนี้
25,
26,            คณะรัฐมนตรี (ครม.) มีมติเห็นชอบโครงการจัดหาวัคซีนป้องกันโรคติดเชื้อโควิด-19 โดยอนุมัติจัดซื้อวัคซีนเพิ่มเติม ดังนี้
27,"        นางสุภัตรา เลี่ยมรัตน์ รักษาราชการแทนประชาสัมพันธ์จังหวัดสุราษฎร์ธานีกล่าวว่า คณะรัฐมนตรี (ครม.) มีมติเห็นชอบโครงการจัดหาวัคซีนป้องกันโรคติดเชื้อโควิด-19 โดยอนุมัติจัดซื้อวัคซีนซิโนแวคเพิ่มเติม 10.9 ล้านโดส วงเงิน 6,111 ล้านบาท ตามข้อเสนอของกรมควบคุมโรค กระทรวงสาธารณสุข, วัคซีนไฟเซอร์ 20 ล้านโดส ซึ่งเป็นวัคซีนหลักฉีดฟรีให้กับประชาชน โดยกระทรวงสาธารณสุขมอบหมายให้อธิบดีกรมควบคุมโรคดำเนินการและนำข้อสังเกตของอัยการสูงสุดไปจัดทำรายละเอียดในการเจรจาจัดหา จำนวน 20 ล้านโดส แต่ยังไม่สามารถเปิดเผยรายละเอียดในสัญญาได้ รวมถึงการรับมอบวัคซีนไฟเซอร์ที่รัฐบาลสหรัฐอเมริกาบริจาคให้ไทยอีกจำนวน 1.5 ล้านโดส ซึ่งจะจัดส่งให้ไทยภายในปีนี้ และวัคซีนโมเดอร์นา 5 - 9 ล้านโดส เป็นวัคซีนทางเลือกซึ่งประชาชนต้องซื้อกับเอกชน โดยกระทรวงสาธารณสุขให้องค์การเภสัชกรรม(อภ.) เป็นตัวกลางจัดหาจำนวนประมาณ 5 - 9 ล้านโดส และนำเข้าภายในไตรมาส 4 หรือประมาณเดือนตุลาคมปีนี้"
28,"        สำนักงานประชาสัมพันธ์จังหวัดแพร่รายงานว่า คณะรัฐมนตรี (ครม.) มีมติเห็นชอบโครงการจัดหาวัคซีนป้องกันโรคติดเชื้อโควิด-19 โดยอนุมัติจัดซื้อวัคซีนเพิ่มเติมประกอบด้วย วัคซีนซิโนแวค 10.9 ล้านโดส วงเงิน 6,111 ล้านบาท ตามข้อเสนอของกรมควบคุมโรค กระทรวงสาธารณสุข , วัคซีนไฟเซอร์ 20 ล้านโดส เป็นวัคซีนหลัก ฉีดฟรีให้กับประชาชน โดยกระทรวงสาธารณสุข มอบหมายให้อธิบดีกรมควบคุมโรคดำเนินการและนำข้อสังเกตของอัยการสูงสุด ไปจัดทำรายละเอียดในการเจรจาจัดหา จำนวน 20 ล้านโดส แต่ยังไม่สามารถเปิดเผยรายละเอียดในสัญญาได้ รวมถึงการรับมอบวัคซีนไฟเซอร์ที่รัฐบาลสหรัฐอเมริกาบริจาคให้ไทยอีกจำนวน 1.5 ล้านโดส ซึ่งจะจัดส่งให้ไทยภายในปีนี้ , วัคซีนโมเดอร์นา 5-9 ล้านโดส เป็นวัคซีนทางเลือก ซึ่งประชาชนต้องซื้อกับเอกชน โดยกระทรวงสาธารณสุขให้องค์การเภสัชกรรม (อภ.) เป็นตัวกลางจัดหา จำนวนประมาณ 5-9 ล้านโดส และนำเข้าภายในไตรมาส 4 หรือประมาณเดือนตุลาคม ปีนี้"
29,"            ศูนย์อำนวยการบริหารจังหวัดชายแดนภาคใต้ (ศอ.บต.) ร่วมกับคณะแพทยศาสตร์มหาวิทยาลัย สงขลานครินทร์ , จังหวัดชายแดนภาคใต้, สำนักงานหลักประกันสุขภาพ เขต 12, กระทรวงสาธารณสุข พร้อมด้วย หน่วยงานที่เกี่ยวข้องในพื้นที่จังหวัดชายแดนภาคใต้หลายภาคส่วน อาทิสาธารณสุขจังหวัดชายแดนภาคใต้, สำนักงานส่งเสริมการปกครองส่วนท้องถิ่นจังหวัดชายแดนภาคใต้, องค์การปกครองส่วนท้องถิ่น ภาคเอกชน และภาคประชาชนในพื้นที่จังหวัดชายแดนภาคใต้ล้วนมีความตระหนักถึงปัญหาการแพร่ระบาดของโรคติด เชื้อไวรัสโคโรน่า-2019 (โควิด-19) อย่างรวดเร็วในพื้นที่จังหวัดชายแดนภาคใต้โดยเฉพาะโควิด-19 สายพันธุ์ใหม่ ที่มีการแพร่ระบาดในพื้นที่อย่างรวดเร็วและต่อเนื่องในหลายคลาสเตอร์ประกอบกับปัญหาการลักลอบเข้า ประเทศไทย-มาเลเซียตามช่องทางธรรมชาติบริเวณชายแดนไทย-มาเลเซีย ทำให้จำนวนผู้ติดเชื้อในพื้นที่ จังหวัดชายแดนภาคใต้มีอัตราสูงขึ้นหลายเท่าตัว และมีแนวโน้มการแพร่ระบาดสูงมากขึ้น ดังจะเห็นได้จาก อัตราการป่วยต่อประชากร จะพบว่าจังหวัดปัตตานีจังหวัดสงขลาและจังหวัดยะลา สูงกว่าจังหวัดในระดับล่าง ถึงกว่าร้อยเท่า (ข้อมูล ณ วันที่ 1 กรกฎาคม 2564)"
30,นางสาวไตรศุลี ไตรสรณกุล รองโฆษกประจำสำนักนายกรัฐมนตรี กล่าวถึงกรณีที่มีการเตรียมฟ้องรัฐบาลเนื่องจากมติคณะรัฐมนตรีอนุมัติให้มีการจัดซื้อวัคซีนซิโนแวคเพิ่มเติม โดยอ้างว่าการจัดซื้อวัคซีนดังกล่าวขัดต่อรัฐธรรมนูญ เพราะวัคซีนที่สั่งซื้อไม่สามารถป้องกันการติดเชื้อโควิด-19 สายพันธุ์ที่กำลังแพร่ระบาดได้นั้น ล่าสุดองค์การอนามัยโลก ประจำประเทศไทย ได้เผยแพร่ข้อมูลเพื่อย้ำว่า วัคซีนที่ได้รับการรับรองและขึ้นทะเบียนมีความปลอดภัยและมีประสิทธิภาพ โดยประเทศไทยมีวัคซีน 3 ชนิดที่ให้บริการไปแล้ว ได้แก่ แอสตร้าเซนเนก้า ซิโนฟาร์ม และซิโนแวค อีกทั้งการบริหารจัดการสถานการณ์โควิด -19 โดยเฉพาะแผนการจัดหาวัคซีน ประกอบไปด้วยคณะแพทย์ผู้เชี่ยวชาญระดับประเทศและมีงานวิชาการรองรับ เป็นไปตามกฎหมายทุกขั้นตอน สอดคล้องตามรัฐธรรมนูญและทำตามหลักภาวะฉุกเฉินด้านสาธารณสุขระหว่างประเทศ ขององค์การอนามัยโลก(WHO)
31,ประมวลข่าวทั่วไทยประจำวันที่ 8 กรกฎาคม 2564
32,           ผลการวิจัยในชิลีซึ่งตีพิมพ์ในวารสารการแพทย์นิวอิงแลนด์ ระบุว่า วัคซีนโคโรนาแวก                ซึ่งเป็นวัคซีนโควิด-19 ของบริษัทซิโนแวก ไบโอเทค มีประสิทธิภาพในการป้องกันการติดเชื้อ               โควิด-19 ต่ำกว่าวัคซีนของไฟเซอร์/ไบโอเอ็นเทค ในการฉีดสองโดส
33,บริษัทไฟเซอร์ อิงค์และบริษัทไบโอเอ็นเทค ประกาศเมื่อวานนี้ว่า จะหาทางขออนุมัติฉีดวัคซีนโควิด-19 ของไฟเซอร์/ไบโอเอ็นเทค เข็มที่สาม หลังพิจารณาหลักฐานบ่งชี้ว่า แม้ได้รับวัคซีนแล้วก็เสี่ยงที่จะกลับมาติดเชื้อได้อีกในระยะเวลา 6 เดือน รวมถึงความเสี่ยงของเชื้อกลายพันธุ์               สายพันธุ์เดลตา ซึ่งกำลังกลายเป็นสายพันธุ์หลักที่แพร่ระบาดทั่วโลกในเวลานี้
34,           คิวบาเปิดเผยว่า วัคซีนโซเบรานา 2  ซึ่งเป็นวัคซีนโควิด-19ที่คิวบาพัฒนาขึ้น รวมถึงวัคซีนโซเบรานา พลัส ที่เป็นวัคซีนเข็มกระตุ้น มีประสิทธิภาพในการป้องกันเชื้อโควิด-19 สูงถึงร้อยละ 91.2 ในการทดลองทางคลินิกระยะสุดท้าย
35,      องค์การอนามัยโลกหรือดับเบิ้ลยูเอชโอระบุว่า มีแนวโน้มว่ามีความเชื่อมโยงระหว่างการใช้วัคซีนโควิด-19 ที่ผลิตด้วยเทคโนโลยีเอ็มอาร์เอ็นเอ กับการเกิดอาการกล้ามเนื้อหัวใจอักเสบ ซึ่งไม่พบบ่อยนัก แต่ระบุว่า ประโยชน์ของวัคซีนยังคงมีมากกว่าความเสี่ยง
36,         เวลานี้ไม่ว่าประเทศไหนต่างก็ต้องปรับกลยุทธ์เพื่อรับมือกับการเชื้อไวรัสโควิด-19 ที่เกิดการแพร่ระบาดของสายพันธุ์ใหม่ๆ เข้ามาในประเทศอย่างต่อเนื่อง ทำให้กลยุทธ์เดิมที่เคยทำมาอาจไม่ได้ผล ประเทศที่เมื่อปีที่แล้วเคยรับมือได้ดี มาวันนี้กลับกำลังเพลี่ยงพล้ำ ซึ่งกลายเป็นปัญหาหนักอกของรัฐบาลท้องถิ่นในเวลานี้
37," นายอนุชา บูรพชัยศรี โฆษกประจำสำนักนายกรัฐมนตรี เปิดเผยว่า แนวทางในการจัดหาวัคซีนของประเทศไทยยังเป็นไปตามกรอบแผนการจัดหาวัคซีนโควิด-19 จำนวน 150 ล้านโดสภายในกลางปี 2565 เพื่อให้ประชาชนทุกกลุ่มสามารถเข้าถึงวัคซีนอย่างทั่วถึง โดยมติ ครม. ที่ผ่านมา ได้เร่งรัดให้มีการจัดหาวัคซีน ทั้งวัคซีนหลักและวัคซีนทางเลือก โดยเน้นการจัดหาวัคซีนที่มีการใช้เทคโนโลยีที่หลากหลายด้วย เพื่อรองรับสถานการณ์การกลายพันธ์ของเชื้อโควิดที่กำลังทวีความรุนแรงขึ้นอีกครั้งทั่วโลก ล่าสุดขณะนี้ ประเทศไทย มีการเจรจาวัคซีนหลักไปแล้วมากกว่า 105.5 ล้านโดส ซึ่งวัคซีนหลักจะเป็นวัคซีนที่รัฐบาลจัดหาและประชาชนสามารถเข้าถึงได้ฟรีโดยไม่เสียค่าใช้จ่าย ประกอบด้วย AstraZeneca, Sinovac, Pfizer และ Johnson & Johnson"
38, 
39,
40,"นายกเทศมนตรีเพชรบูรณ์ เผย ที่ประชุมอนุมัติงบ 6 ล้าน จัดซื้อ ""ซิโนฟาร์ม"" ฉีดให้ประชาชน สร้างภูมิคุ้มกันหมู่เขตเทศบาลเมืองฯ"
41,อิสราเอลเริ่มฉีดวัคซีนโควิด-19 ของไฟเซอร์/ไบโอเอ็นเทคเข็มสาม หรือ บูสเตอร์ ให้ประชาชนกลุ่มเสี่ยง เพื่อกระตุ้นภูมิคุ้มกัน ลดความเสี่ยงจากเชื้อกลายพันธุ์สายพันธุ์เดลตา โดยกลุ่มเสี่ยงเป็นกลุ่มแรกที่ได้รับวัคซีนครบสองโดสมาไม่น้อยกว่า 6 เดือนแล้ว ขณะที่ประชากรวัยผู้ใหญ่อื่นๆ จะมีการพิจารณาฉีดวัคซีนเข็มสามอีกครั้ง
42,            อิสราเอลเริ่มฉีดวัคซีนโควิด-19 ของบริษัทไฟเซอร์/ไบโอเอ็นเทคเข็มสาม หรือ บูสเตอร์ ให้ประชาชนกลุ่มเสี่ยง เพื่อกระตุ้นภูมิคุ้มกัน และลดความเสี่ยงจากเชื้อกลายพันธุ์สายพันธุ์เดลตาแล้ว โดยกลุ่มเสี่ยงเป็นกลุ่มแรกที่ได้รับวัคซีนครบสองโดสมาไม่น้อยกว่า 6 เดือน ขณะที่ประชากรวัยผู้ใหญ่อื่นๆ จะมีการพิจารณาฉีดวัคซีนเข็มสามอีกครั้ง
43,       นายณรงค์ศักดิ์ โอสถธนากร ผู้ว่าราชการจังหวัดลำปาง ลงนามคำสั่งจังหวัดลำปาง ที่ 3449/2564 เรื่องมาตรการตั้งด่านตรวจหรือจุดสกัด และมาตรการคัดกรองการเดินทางเข้าพื้นที่จังหวัดลำปาง โดยความเห็นชอบของคณะกรรมการโรคติดต่อจังหวัดลำปาง ซึ่งมีสาระสำคัญดังนี้ 
44,"           รัฐบาลสหรัฐยังไม่เห็นด้วยที่จะให้ฉีดวัคซีนโควิด-19 เข็มสามของไฟเซอร์/ไบโอเอ็นเทค โดยกระทรวงสาธารณสุขสหรัฐออกแถลงการณ์ หลังมีการหารือกับบริษัทไฟเซอร์เมื่อวานนี้ว่า     ชาวอเมริกันที่ได้รับวัคซีนครบโดสแล้ว ยังไม่จำเป็นต้องรับการฉีดวัคซีนโดสสาม หรือ “บูสเตอร์"" แต่ขอให้ทางบริษัทไฟเซอร์นำเสนอข้อมูลมากกว่านี้ ทั้งนี้บริษัทไฟเซอร์ได้ยื่นขออนุมัติฉีดวัคซีนบูสเตอร์ด้วยเหตุผลว่า เชื้อโควิด-19 มีการการกลายพันธุ์อย่างรวดเร็ว โดยเฉพาะสายพันธุ์เดลตาที่ทำให้ผู้ได้รับวัคซีนของไฟเซอร์/ไบโอเอ็นเทค ครบสองโดสนานกว่า 6 เดือน มีความเสี่ยงติดเชื้อมากขึ้น"
45,"           รัฐบาลสหรัฐยังไม่เห็นด้วยที่จะให้ฉีดวัคซีนโควิด-19 เข็มสามของไฟเซอร์/ไบโอเอ็นเทค โดยกระทรวงสาธารณสุขสหรัฐออกแถลงการณ์ หลังมีการหารือกับบริษัทไฟเซอร์เมื่อวานนี้ว่า     ชาวอเมริกันที่ได้รับวัคซีนครบโดสแล้ว ยังไม่จำเป็นต้องรับการฉีดวัคซีนโดสสาม หรือ “บูสเตอร์""                แต่ขอให้ทางบริษัทไฟเซอร์นำเสนอข้อมูลมากกว่านี้ ทั้งนี้บริษัทไฟเซอร์ได้ยื่นขออนุมัติฉีดวัคซีน             บูสเตอร์ด้วยเหตุผลว่า เชื้อโควิด-19 มีการกลายพันธุ์อย่างรวดเร็ว โดยเฉพาะสายพันธุ์เดลตาที่ทำให้ผู้ได้รับวัคซีนของไฟเซอร์/ไบโอเอ็นเทค ครบสองโดสนานกว่า 6 เดือน มีความเสี่ยงติดเชื้อมากขึ้น"
46,"    กระทรวงสาธารณสุขเวียดนาม รายงานพบผู้ติดเชื้อโควิด-19 รายใหม่ 1,196 คน ในรอบ 24 ชั่วโมงที่ผ่านมา ในจำนวนนี้ 971 คน อยู่ในนครโฮจิมินห์ ศูนย์กลางเศรษฐกิจของประเทศ ส่งผลให้มียอดผู้ติดเชื้อสะสมรวม 36,605 คน และมียอดผู้เสียชีวิต 132 คน "
47,โปรยหัว:        ประเด็นการจับคู่ฉีดวัคซีนโควิด-19 ต่างขนานกัน กำลังเป็นที่พูดถึงอย่างกว้างขวาง เนื่องจากมีการศึกษาพบว่า วัคซีนโควิด-19 บางขนานสองโดสไม่สามารถรับมือกับเชื้อกลายพันธุ์โดยเฉพาะสายพันธุ์เดลตาได้..ติดตามจากรายงานพิเศษ..//ผู้รายงาน: ประเทศต่างๆ พยายามเร่งฉีดวัคซีนให้ประชาชนให้ได้มากที่สุด ท่ามกลางการติดเชื้อโควิด-19 ที่เพิ่มขึ้นมาก                ทั้งนี้หากมองย้อนกลับไปในช่วงปีแรกของการระบาดใหญ่ พบว่าสถานการณ์การระบาดในปัจจุบันแทบไม่ได้ลดความรุนแรงลงเลย แม้โลกจะมีวัคซีนใช้งานแล้วก็ตาม                  ซึ่งส่วนหนึ่งอาจเป็นเพราะระยะเวลาการระบาดที่ยาวนานทำให้เชื้อกลายพันธุ์ต่อเนื่อง อีกทั้งมีข้อมูลวิจัยว่า วัคซีนลดประสิทธิภาพลงและไม่สามารถรับมือกับเชื้อกลายพันธุ์ได้ โดยเฉพาะสายพันธุ์เดลตา ที่กำลังแพร่กระจายอย่างรวดเร็ว ทำให้ทั่วโลกต้องเผชิญกับตัวเลขผู้ติดเชื้อพุ่งสูงขึ้นอย่างน่าตกใจ แม้ในประเทศที่มีการฉีดวัคซีนในอัตราส่วนมาก                        จากสถานการณ์ดังกล่าวหลายประเทศจึงเริ่มพิจารณาที่จะฉีดวัคซีนสองโดสต่างขนานกัน ในขณะที่บางประเทศได้มีการอนุมัติให้จับคู่วัคซีนแล้ว เพื่อเพิ่มประสิทธิภาพในการป้องกันและลดความรุนแรงของเชื้อกลายพันธุ์ นอกจากนี้ยังเป็นการแก้ปัญหาการจัดส่งวัคซีนล่าช้าด้วย                       ในเยอรมนี คณะกรรมการวัคซีนแนะนำให้ประชาชนที่ฉีดวัคซีนแอสตราเซเนกาโดสแรก ควรฉีดโดสสองด้วยวัคซีนของไฟเซอร์/ไบโอเอ็นเทค หรือโมเดอร์นา เพราะจะกระตุ้นภูมิคุ้มกันได้มากกว่าการฉีดแอสตราเซเนกาสองโดส โดยนายกรัฐมนตรีอังเกลา เมร์เคล ของเยอรมนีก็ฉีดวัคซีนโดสสองเป็นของโมเดอร์นา หลังฉีดวัคซีนแอสตราเซเนกาโดสแรกผ่านไป 2 เดือน                       ในแคนาดา แนะนำให้ฉีดวัคซีนของแอสตราเซเนกาโดสแรก และโดสสองเป็นวัคซีนของไฟเซอร์/ไบโอเอ็นเทคหรือโมเดอร์นา ส่วนประชาชนที่รับวัคซีนโดสแรกของ                     โมเดอร์นาหรือไฟเซอร์ สามารถสลับวัคซีนที่เป็นเทคโนโลยี mRNA เหมือนกันเป็นเข็มที่สองแทนได้               ในเกาหลีใต้ความล่าช้าในการจัดส่งวัคซีน ทำให้ทางการเกาหลีใต้เริ่มจับคู่ฉีดวัคซีน ด้วยการฉีดแอสตราเซเนกาเข็มแรก และ เข็มสองเป็นไฟเซอร์ไบโอเอ็นเทค               ในสหรัฐอาหรับเอมิเรตส์ มีการเสนอให้ใช้วัคซีนไฟเซอร์/ไบโอเอ็นเทค                       เป็นบูสเตอร์ หรือ เข็มสาม สำหรับผู้ได้รับวัคซีนซิโนฟาร์มครบโดสแล้ว โดยองค์การด้านสุขภาพแนะนำว่า วัคซีนต่างขนานกันเหมาะจะเป็นบูสเตอร์ แต่ให้ขึ้นอยู่กับการตัดสินใจของประชาชน  และผู้เชี่ยวชาญยังไม่แนะนำอย่างเป็นทางการ            เวียดนามเเป็นอีกประเทศหนึ่งที่จะจับคู่ฉีดวัคซีน โดยผู้ได้รับการฉีดวัคซีนแอสตราเซเนกาโดสแรก จะได้รับการฉีดวัคซีนโดสสองของไฟเซอร์/ไบโอเอ็นเทค แต่แนวทางปฏิบัตินี้จะเป็นไปด้วยความสมัครใจเท่านั้น                      ทั้งนี้ผู้เชี่ยวชาญหลายคนเชื่อว่าการจับคู่วัคซีนต่างขนานกันอาจเป็นความคิดที่ดี แต่ก็เร็วเกินไปที่จะยืนยันเรื่องนี้ ขณะที่ผลการวิจัยเบื้องต้นในสเปนพบว่าการใช้วัคซีนโควิด-19 ผสมสองโดสระหว่างไฟเซอร์/ไบโอเอ็นเทค กับ แอสตราเซเนกา มีความปลอดภัยและมีประสิทธิภาพสูง นอกจากนี้ยังเคยมีงานวิจัยของอังกฤษที่บ่งชี้ว่าปฏิกิริยาเชิงลบจากการใช้วัคซีนต่างขนานกันเกิดขึ้นช่วงสั้น ๆ และไม่มีข้อน่ากังวลเรื่องความปลอดภัยอื่น            อย่างไรก็ตามในเรื่องนี้องค์การอนามัยโลกเตือนว่า เป็นกระแสความสนใจที่อันตรายเนื่องจากมีข้อมูลเพียงเล็กน้อยเกี่ยวกับประสิทธิภาพและความปลอดภัย  ยกเว้นว่าหน่วยงานสาธารณสุขในแต่ละประเทศจะมีผลการศึกษาวิจัยเพียงพอ..//
48,จ.ยะลา เดินหน้าฉีดวัคซีนซิโนแวค เข็ม 1 ให้ประชาชน ขณะ แพทย์เชี่ยวชาญ สูติแพทย์ รพ.ยะลา เผย เตรียมฉีดวัคซีนสลับชนิด ตามนโยบาย สธ.  เน้นย้ำ 3 อ. สร้างภูมิคุ้มกันโรค
49,            วันนี้ (15 ก.ค.64) เวลา 14.00 น. ที่ห้องประชุมศรีสองรัก ชั้น 5 ศาลากลางจังหวัดเลย นายชัยธวัช เนียมศิริ ผู้ว่าราชการจังหวัดเลย เป็นประธานการประชุมคณะกรรมการโรคติดต่อจังหวัดเลย ครั้งที่ 37/2564 ร่วมกับคณะกรรมการฯ ศูนย์บริหารราชการฉุกเฉินการแพร่ระบาดของโรคติดเขื้อไวรัสโคโรนา 2019 จังหวัดเลย ครั้งที่ 28/2564 และคณะกรรมการป้องกันและยับยั้งภัยพิบัติกรณีฉุกเฉิน โดยมี นายผดุงศักดิ์ หาญปรีชาสวัสดิ์ รองผู้ว่าราชการจังหวัดเลย นายณรงค์ จีนอ่ำ รองผู้ว่าราชการจังหวัดเลย นายศิริวัฒน์ พินิชพานิชย์ ปลัดจังหวัดเลย และหัวหน้าส่วนราชการที่เกี่ยวข้อง เข้าร่วมประชุมฯ
50,ผู้ประกาศ : เชื้อโควิด-19 พัฒนาตัวเองกลายพันธุ์หลากหลายสายพันธุ์ ซึ่งส่วนมากมีความรุนแรงและแพร่ได้เร็วกว่าเชื้อดั้งเดิม ทำให้นักวิจัยและนักวิทยาศาสตร์ต้องคิดค้นพัฒนาวัคซีนและหาวิธีเพื่อใช้วัคซีนที่มีอยู่ ให้สามารถยับยั้งการแพร่เชื้อให้ได้ ด้วยการฉีดวัคซีนโดสที่ 3 รายละเอียดจะเป็นอย่างไร ติดตามจากรายงานพิเศษ
51,จ.นครพนม ผุดไอเดียเปิดโรงบาลจิ๋วเพิ่มจำนวนเตียงในการรักษาผู้ป่วยโควิด-19
52,          วันนี้ 16 กรกฎาคม 2564 ที่ห้องประชุมพระธาตุพนม ชั้น 5 ศาลากลางจังหวัดนครพนม นายสุวิทย์ จันทร์หวร รองผู้ว่าราชการจังหวัดนครพนม พร้อมด้วยนายมานพ ฉลาดธัญญกิจ นายแพทย์สาธารณสุขจังหวัดนครพนม ร่วมกันแถลงสถานการณ์การแพร่ระบาดไวรัสโควิด-19 ในพื้นที่ ซึ่งในวันนี้มีผู้ติดเชื้อเพิ่มขี้น 70 ราย ซึ่งเป็นผู้ที่เดินทางมาจากพื้นที่เสี่ยงทั้งหมด
53,          คกก.โรคติดต่อจังหวัดนคพนม แจ้งว่า จังหวัดนคพนมได้ปรับมาตรการเพิ่มเติม ณ 16 ก.ค. 64 ข้อปฏิบัติผู้ที่เดินทางเข้าจังหวัดนครพนม ในกลุ่มที่ฉีดวัคซีน : กรณีฉีดวัคซีนซิโนแวคหรือซิโนฟาร์ม ครบ 2 เข็มมาแล้ว 2 สัปดาห์ หรือแอสตร้าเซเนก้า หรือไฟเซอร์ หรือโมเดอร์น่า 1 เข็มมาแล้ว 3 สัปดาห์ ต้องมีผล RT-PCR เป็นลบไม่เกิน 72 ชม. ในกรณีไม่มีผลตรวจ RT-PCR ต้องทำ Rapid Antigen Test ทุกราย
54,          คณะกรรมการโรคติดต่อจังหวัดนครพนม เปิดเผยต่อสื่อมวลชนจังหวัดนครพนม ถึงมาตรการของจังหวัดเกี่ยวกับผู้ที่เดินทางเข้าจังหวัดนครพนมที่มีการปรับเพิ่มเติมพื้นที่ควบคุมสูงสุดและเข้มงวด 10 จังหวัดพื้นที่สีแดงเข้ม และพื้นที่ควบคุมสูงสุด 24 จังหวัดพื้นที่สีแดง เพื่อเข้ามาพักอาศัยในพื้นที่จังหวัดนครพนม ก่อนเข้าพักอาศัย ต้องตรวจ ต้องรายงาน ต้องกักตัว ในพื้นที่กักกันโรคแห่งรัฐที่จังหวัดกำหนด (State Quarantine) เป็นเวลา 14 วัน นับแต่วันที่รายงานตัว การกักตัว ยกเว้นเฉพาะบุคคลที่ได้รับการฉีดวัคซีนฯ Sinovac ครบ 2 เข็มมากกว่า 2 สัปดาห์ หรือได้รับการฉีดวัคซีนฯ Astra Zeneca 1 เข็มมากกว่า 4 สัปดาห์มาแล้ว ไม่ต้องทำการกักตัว และให้ปฏิบัติตามมาตรการ (D-M-H-T-T) อย่างเคร่งครัดและพื้นที่ควบคุม 25 จังหวัดพื้นที่สีส้ม และพื้นที่เฝ้าระวังสูง 17 จังหวัดพื้นที่สีเหลือง เพื่อเข้ามาพักอาศัยในพื้นที่จังหวัดนครพนม ก่อนเข้าพักอาศัยต้องรายงานตัวเพื่อการตรวจคัดกรองประเมินความเสี่ยงและสอบสวนโรค ยกเว้น บุคคลที่ได้รับการฉีดวัคซีนฯ Sinovac ครบ 2 เข็มมากกว่า 2 สัปดาห์ หรือได้รับการฉีดวัคซีนฯ Astra Zeneca 1 เข็มมากกว่า 4 สัปดาห์มาแล้วก่อนเข้าพื้นที่จังหวัดนครพนม
55,        วันนี้ (16 ก.ค.64)  ที่ห้องประชุมพระธาตุพนม ชั้น 5 ศาลากลางจังหวัดนครพนม ภายหลังการประชุมคณะกรรมการโรคติดต่อจังหวัดนครพนม นายไกรสร กองฉลาด ผู้ว่าราชการจังหวัดนครพนม มอบหมายให้นายสุวิทย์ จันทร์หวร รองผู้ว่าราชการจังหวัดนครพนม และนายแพทย์มานพ ฉลาดธัญญกิจ นายแพทย์สาธารณสุขจังหวัดนครพนม ร่วมกันแถลงสถานการณ์การแพร่ระบาดไวรัสโควิด-19 ในพื้นที่ โดยวันนี้มีผู้ติดเชื้อเพิ่มขี้น 70 ราย (รายที่ 675-726) เป็นผู้เดินทางมาจากพื้นที่เสี่ยง (กรุงเทพมหานคร สมทรปราการ ปทุมธานี สมุทรสาคร พระนครศรีอยุธยา ลพบุรี นครปฐม ชลบุรี) เข้ารับการรักษาที่โรงพยาบาลนครพนม 15 ราย รพ.ปลาปาก 14 ราย โรงพยาบาลสมเด็จพระยุพราชธาตุพนม 10 ราย รพ.โพนสวรรค์ 6 ราย รพ.เรณูนคร 6 ราย รพ.นาหว้า 4 ราย รพ.บ้านแพง 4 ราย รพ.นาทม 3 ราย และ รพ.ท่าอุเทน จำนวน 2 ราย จังหวัดนครพนมมียอดผู้ป่วยยืนยันติดเชื้อสะสมเป็น 726 ราย เสียชีวิต 6 ราย และอยู่ระหว่างการรักษา 495 ราย ส่วนจำนวนเตียงการรักษาผู้ป่วยโควิดทั้งของโรงพยาบาลหลักประจำ 12 อำเภอ และโรงพยาบาลสนามที่มีการเปิดขึ้นมาเพื่อดูแลผู้ที่ติดเชื้อ รวมทั้งสิ้น 696 เตียง มีการใช้เตียงไปแล้ว 495 เตียง คงเหลือ 201 เตียง
56,
57,           สื่อรายงานว่า หลังจากที่มีวัคซีนโควิด-19 ปลอม ขณะนี้พบว่ามีการเสนอขายใบรับรองการฉีดวัคซีนโควิด-19 ปลอมในเมืองหลวงของเม็กซิโก ซึ่งมีวัตถุประสงค์ขายให้ประชาชนที่จะเดินทางไปประเทศที่ผู้เดินทางต้องได้รับการพิสูจน์ว่าฉีดวัคซีนโควิด-19 แล้ว
58,แพทย์หญิงอภิสมัย ศรีรังสรรค์ ผู้ช่วยโฆษก ศบค. แถลงถึงการนำ Antigen test kit มาตรวจค้นหาผู้ติดเชื้อโควิด-19 ด้วยตนเอง ว่า นพ.ศุภกิจ  ศิริลักษณ์ อธิบดีกรมวิทยาศาสตร์การแพทย์ กระทรวงสาธารณสุข(สธ.) ให้ข้อมูลว่า Antigen test kit จะช่วยให้ประชาชนเข้าถึงการตรวจเชื้อโควิด-19 ได้มากที่สุดและนำไปสู่การเข้ารับการรักษาให้เร็วที่สุดด้วย ซึ่งสามารถทำการตรวจได้ง่าย ได้ผลเร็ว และราคาไม่แพง แต่ในแง่ของความแม่นยำอาจต้องมีการตรวจซ้ำ หากพบว่าผลตรวจเป็นบวก เพราะมีมาตรฐานไม่เท่ากับการตรวจแบบ RT-PCR โดยต้องไปตรวจเพิ่มในระบบสาธารณสุขใกล้บ้านเพื่อให้ช่วยประเมินอาการและความรุนแรงของการติดเชื้อเพื่อให้สามารถนำไปสู่การแยกกักตัวในกลุ่มสีเขียวอ่อน และสีเขียวแก่ ตามที่รัฐได้จัดทำรูปแบบของการกักตัวที่บ้าน (Home Isolation) กับการกักตัวในชุมชน (Community Isolation) เพื่อลดการมีอาการรุนแรงจนเข้าสู่กลุ่มสีเหลืองและสีแดง ซึ่งวิธีการนี้จะช่วยลดปัญหาเรื่องเตียงลงได้  
59,เมื่อเวลา18.30นวันที่18กรกฏาคม2564ที่ห้องประชุมศาลากลางจังหวัดภูเก็ต อำเภอเมืองภูเก็ต นายปิยพงศ์ ชูวงศ์ รองผู้ว่าราชการจังหวัดภูเก็ต พร้อมด้วยนายแพทย์เฉลิมพงษ์ สุคนธผล ผู้อำนวยการโรงพยาบาลวชิระภูเก็ต นางบุษยา ใจเปี่ยม ประชาสัมพันธ์จังหวัดภูเก็ต ร่วมกันแถลงข่าว กรณีจังหวัดภูเก็ต เตรียมยกระดับ เพิ่มมาตรการเข้มคัดกรอง บุคคล เข้าพื้นที่ และมาตรการปิดสถานที่ ฯ เพื่อป้องกันการแพร่กระจายเชื้อโควิด-19 มีผลตั้งแต่ 20 ก.ค.64 เป็นต้นไปหลังจากที่มีจังหวัดต่างๆมีแนวโน้มของผู้ที่ติดเชื้อเพิ่มขึ้นและทางศบค.ได้มีการกำหนดให้จังหวัดที่ต้องมีการควบคุมสูงสุดเพิ่มขึ้น 
60,จังหวัดภูเก็ต แถลงยกระดับมาตรการเข้ม โดยผู้ที่เดินทางมาจาก 76 จังหวัด ยกเว้นจังหวัดภูเก็ต ต้องแสดงผลการฉีดวัคซีนและผลตรวจหาเชื้อโควิด-19 ไม่เกิน 7 วัน และด่านทางบกจะปิดให้เดินทางเข้าจังหวัด ช่วงเวลา 23.00 - 04.00 น. เริ่มบังคับใช้ 20 กรกฎาคมนี้ 
61,จังหวัดภูเก็ต แถลงยกระดับมาตรการเข้มการเดินทางเข้าจังหวัดภูเก็ต โดยผู้ที่เดินทางมาจาก 76 จังหวัด ยกเว้นจังหวัดภูเก็ต ต้องแสดงผลการฉีดวัคซีนและผลตรวจหาเชื้อโควิด-19 มาแล้วไม่เกิน 7 วัน และด่านทางบกจะปิดให้เดินทางเข้าจังหวัดช่วงเวลา 23.00 - 04.00 น. ของอีกวัน เริ่มบังคับใช้ 20 กรกฎาคมนี้
62,"นายอนุชา บูรพชัยศรี โฆษกประจำสำนักนายกรัฐมนตรี เปิดเผยว่า ศบค. เห็นชอบกรอบการจัดหาวัคซีน 120 ล้านโดสในปี 2565 นอกเหนือจาก 105.5 ล้านโดสที่จะจัดหามาภายในปี 2564 นี้ ขณะเดียวกันคณะรัฐมนตรียังเห็นชอบให้กระทรวงสาธารณสุขจัดหาวัคซีนไฟเซอร์ (Pfizer) ในเบื้องต้นจำนวน 20 ล้านโดส โดยมีกรมควบคุมโรคเป็นผู้เจรจาและสั่งซื้อ รวมทั้งให้องค์การเภสัชกรรมเป็นตัวกลางเจรจากับบริษัท ซิลลิค ฟาร์มา จำกัด ในการจัดหาวัคซีนโมเดอร์นา (Moderna) ซึ่งมีความคืบหน้าเป็นลำดับ ทั้งนี้แผนการจัดหาวัคซีนและการกระจายวัคซีนโดย ศบค. เป็นการทำงานร่วมกันในระดับนโยบายที่มีคำแนะนำด้านวิชาการจากคณะแพทย์ เพื่อให้เกิดความรอบคอบ รัฐบาลโดยกระทรวงสาธารณสุขจะเป็นผู้ดำเนินการจัดหาวัคซีนหลักที่ประชาชนสามารถเข้าถึงได้ฟรีโดยไม่เสียค่าใช้จ่าย ได้แก่ วัคซีน AstraZeneca, วัคซีน Sinovac, วัคซีน Pfizer และวัคซีน Johnson& Johnson โดยมีวัคซีน Sinopharm และวัคซีน Moderna เป็นวัคซีนทางเลือกภายใต้แนวทางความร่วมมือระหว่างหน่วยงานและเอกชน"
63,ประมวลข่าวทั่วไทยประจำวันที่ 19 กรกฎาคม 2564
64,     รัฐบาลลาวตัดสินใจขยายระยะเวลากำหนดใช้มาตรการปิดเมืองออกไปอีก 15 วันจนถึงวันที่ 3 สิงหาคม จากประกาศเดิมที่จะสิ้นสุดลงในวันนี้
65, นายกรัฐมนตรีมูห์ยิดดิน ยัสซิน ของมาเลเซีย ประกาศเป้าหมายฉีดวัคซีนโควิด-19 ให้ประชากรวัยผู้ใหญ่ครบทุกคนภายในเดือนตุลาคมนี้ โดยจะเพิ่มการฉีดวัคซีนให้ได้ 5 แสนโดส                 ต่อวัน อันเป็นส่วนหนึ่งของมาตรการต่อสู้กับการระบาดของโรคโควิด-19 ระลอกใหม่ที่ทำให้จำนวนผู้ติดเชื้อพุ่งสูงวันละกว่า 1 หมื่นคน    นายกรัฐมนตรีมาเลเซียกล่าวด้วยว่า การฉีดวัคซีนยังคงเป็นหัวใจหลักที่จะช่วยให้สามารถเอาชนะโรคโควิด-19ได้ และว่า เดิมรัฐบาลได้ตั้งกรอบเวลาในการฉีดวัคซีนให้ครอบคลุมประชากรร้อยละ 80 ภายในไตรมาสแรกของปี 2565 แต่ได้ขยับเข้ามาเป็นเดือนธันวาคม ปีนี้ และเวลานี้ก็จะเร่งเป้าหมายดังกล่าวให้เร็วยิ่งขึ้นอีก ทั้งนี้มาเลเซียได้สั่งจองวัคซีนโควิด-19 ไว้กว่า 76 ล้าน 1 แสนโดส โดยร้อยละ 70 เป็นวัคซีนชนิด mRNA ของไฟเซอร์/ไบโอเอ็นเทค.  
66,"นพ.โอภาส การย์กวินพงศ์ อธิบดีกรมควบคุมโรค กล่าวว่า เมื่อช่วงบ่ายที่ผ่านมา (20 ก.ค.64) กรมควบคุมโรค กระทรวงสาธารณสุข ได้มีการหารือร่วมกับตัวแทนนำเข้าวัคซีนโควิด -19 ประกอบด้วย 6 บริษัท ได้แก่ บริษัท แอสตร้าเซนเนก้า (ประเทศไทย จำกัด) ผู้นำเข้าวัคซีนแอสตร้าเซนเนก้า , บริษัท ไฟเซอร์ (ประเทศไทย) จำกัด ผู้แทนจำหน่ายวัคซีนไฟเซอร์ , บริษัท ซิลลิค ฟาร์มา จำกัด ผู้นำเข้าวัคซีนโมเดอร์นา , บริษัท แจนเซ่น-ซีแลก จำกัด ผู้นำเข้าวัคซีนจอห์นสันแอนด์จอห์นสัน , บริษัท ไบโอจีนีเทค จำกัด ผู้นำเข้าวัคซีนซิโนฟาร์มและวัคซีนของบารัต และองค์การเภสัชกรรม (อภ.) ผู้นำเข้าวัคซีนซิโนแวค ทั้งหมดได้มารายงานความก้าวหน้าการพัฒนาวัคซึนรุ่นใหม่เพื่อตอบสนองเชื้อกลายพันธุ์ รวมถึงพูดคุยเรื่องการซับพลายวัควีน ซึ่งได้สอบถามเรื่องจำนวนการซื้อขายในปี 2565 และเรื่องการใช้ BT มีการแลกเปลี่ยนกันอย่างครบถ้วน ใช้เวลานานเกือบ 3 ชั่วโมง พร้อมแจ้งในทุกบริษัท ทราบเหมือนกันว่าประเทศไทยมีเป้าจัดหาวัคซีน 120 ล้านโดสในปีหน้า และฝากเป็นการบ้านว่าแต่ละบริษัทไปดูด้วยจำนวนที่ไทยต้องการเท่านี้ ในวัคซีนเจนเนอเรชันใหม่ๆ รูปแบบใหม่ๆ จะมีโอกาสหรือบริษัทจะหาวัคซีนมาให้ได้เท่าไร ในช่วงเวลาไหน ทั้งนี้ยังจะประชุมหารือกันอีกหลายครั้งในรูปแบบเปิดกว้างให้ทุกบริษัทมีส่วนร่วม นอกจากนี้ ทาง อภ. ยังได้นำผลการวิจัยวัคซีนโควิด -19 ชนิดเชื้อตาย ที่ไทยดำเนินการเองและมีการปรับปรุงสายพันธุ์รองรับเชื้อใหม่แล้ว ซึ่งผ่านการทดลองระยะที่ 1 ในมนุษย์แล้ว และกำลังทดลองผ่านระยะที่ 2 ในมนุษย์ ก็มารายงานความก้าวหน้าที่น่ายินดีถ้าจะพัฒนาวัคซีนที่ผลิตเองในประเทศเองได้ก็เป็นประโยชน์ต่อการควบคุมโรคในอนาคต"
67,"พลเอก ประยุทธ์ จันทร์โอชา นายกรัฐมนตรีและรัฐมนตรีว่าการกระทรวงกลาโหม โพสต์ข้อความผ่านเฟซบุ๊ก ""ประยุทธ์ จันทร์โอชา Prayut Chan-o-cha"" ใจความตอนหนึ่งว่า นับเป็นเวลามากกว่า 1 ปีแล้ว ที่ประเทศไทยและทั่วโลกต้องสู้กับเชื้อไวรัสโควิด-19 ซึ่งปัจจุบันไวรัสโควิด-19 กลายพันธุ์ ทั่วโลกต้องกลับมาเจอวิกฤติและล็อกดาวน์อีกครั้ง ซึ่งรวมถึงประเทศไทยด้วย"
68,        นายโชตินรินทร์ เกิดสม รองผู้ว่าราชการจังหวัดระนอง แถลงหลังประชุมคณะกรรมการโรคติดต่อจังหวัดระนอง ครั้งที่ 45/2564 เกี่ยวกับการเพิ่มมาตรการในการควบคุมและป้องกันโรคติดเชื้อโควิด-19 ว่า เดิมมาตรการ มีอยู่แล้วทั้งหมด 5 มาตรการ ประกอบด้วย มาตรการด้านสถานที่ ด้านการเดินทางเข้า-ออกจังหวัด ด้านการป้องกันโรค ด้านการปฏิบัติทั่วไป และด้านกฎหมาย ที่ประชุมมีมติคงมาตรการเดิมทั้ง 5 มาตรการ และเพิ่มเติมความเข้มงวดในส่วนของ 3 มาตรการ คือ มาตรการด้านสถานที่ กำหนดให้การรวมกลุ่มจัดกิจกรรม จะต้องมีผู้เข้าร่วมไม่เกิน 100 คน โดยเฉพาะการจัดการอบรมสัมมนา สถานที่จัด ต้องไม่เปิดเครื่องปรับอากาศ สนามกีฬา ที่ออกกำลังกาย ยิมหรือฟิตเนส เปิดไม่เกิน 2 ทุ่ม ผู้ประกอบการต้องจัดให้มีการคัดกรอง โดยการลงทะเบียนเข้าใช้ ตรวจวัดอุณหภูมิ และห้ามรวมกลุ่มเกิน 5 คน
69,ประมวลข่าวทั่วไทยประจำวันที่ 20 กรกฎาคม 2564
70,      นายแพทย์นูร์ ฮิชาม อับดุลเลาะห์ อธิบดีกรมอนามัยมาเลเซีย ออกมาปฏิเสธกรณีคำกล่าวอ้างที่ว่าวัคซีนซิโนแวกของจีนมีคุณภาพต่ำกว่ามาตรฐาน พร้อมยืนยันว่าวัคซีนซิโนแวกมีประสิทธิภาพเท่าเทียมกับวัคซีนไฟเซอร์/ไบโอเอ็นเทค ในการต่อต้านเชื้อโควิด-19 โดยอ้างอิงข้อมูลจากการ                 ใช้งานจริง 
71,           หนังสือพิมพ์นิวยอร์กไทมส์รายงานผลการวิจัยล่าสุดพบว่า วัคซีนโควิด-19ของจอห์นสัน แอนด์ จอห์นสัน ซึ่งเป็นวัคซีนชนิดโดสเดียว มีประสิทธิภาพลดลงอย่างมากในการป้องกันการ               ติดเชื้อกลายพันธุ์สายพันธุ์เดลตาและสายพันธุ์แลมบ์ดา เมื่อเทียบกับสายพันธุ์ปกติ ซึ่งจากงานวิจัยนี้บ่งชี้ว่า อาจมีความจำเป็นที่ต้องฉีดวัคซีนเพิ่มเติมให้ระชาชนราว 13 ล้านคนที่ได้รับวัคซีนของจอห์นสัน แอนด์ จอห์นสัน ไปแล้ว นอกจากนี้ทีมผู้วิจัยได้ให้คำแนะนำว่า การฉีดวัคซีนโดสที่ 2 ควรใช้วัคซีนชนิด mRNA ของไฟเซอร์/ไบโอเอ็นเทค หรือ โมเดอร์นา
72,"นายธานี แสงรัตน์ อธิบดีกรมสารนิเทศและโฆษกกระทรวงการต่างประเทศ เปิดเผยว่า หลังจากคณะมนตรีแห่งสหภาพยุโรป หรืออียู ปรับประเทศไทย ออกจาก EU White List เนื่องจาก มีแนวโน้มผู้ติดเชื้อโควิด-19 สูงขึ้น หลายประเทศในอียู ได้ปรับมาตรการสำหรับชาวไทย ในการเดินทางเข้าประเทศ ได้แก่ เยอรมนี ประกาศให้ไทยเป็นพื้นที่เสี่ยงต่อการแพร่ระบาดของโรคโควิด-19 ในระดับพื้นฐาน โดยกำหนดให้ผู้เดินทางจากประเทศไทย ตั้งแต่วันที่ 18 กรกฎาคม ต้องแสดงเหตุผลจำเป็นเร่งด่วนในการเข้าเยอรมนี เช่น การเข้าประเทศเพื่อปฏิบัติราชการ ทำงาน เยี่ยมญาติกรณีเร่งด่วน หรือเป็นนักเรียน/นักศึกษา กรณีเป็นผู้ได้รับการฉีดวัคซีนที่ขึ้นทะเบียนในเยอรมนี ได้แก่ ไฟเซอร์, โมเดอน่า, แอสตร้าเซนเนก้า และจอห์นสันแอนด์จอห์นสัน ครบเกณฑ์แล้วไม่น้อยกว่า 14 วัน สามารถเข้าเยอรมนีได้โดยไม่ต้องแสดงเหตุผล รวมถึงต้องแสดงเอกสารการฉีดวัคซีน การตรวจหาเชื้อโควิด-19 ต้องกักตัวในที่พักเป็นเวลา 10 วัน ยกเว้นฉีดวัคซีนครบตามเกณฑ์ "
73,        คกก.โรคติดต่อจังหวัดฯ ประชาสัมพันธ์ผ่านสื่อ สวท.นครพนม ถึงการปรับมาตรการเพิ่มเติมข้อปฏิบัติผู้ที่เดินทางเข้าจังหวัดนครพนมในกลุ่มที่ฉีดวัคซีน กรณีฉีดวัคซีนเป็น : ฉีดวัคซีนซิโนแวค หรือซิโนฟาร์ม ครบ 2 เข็มมาแล้วมากกว่า 2 สัปดาห์ หรือแอสตร้าเซเนก้า หรือไฟเซอร์ หรือโมเดอร์น่า 1 เข็มมาแล้วมากกว่า 3 สัปดาห์ ต้องมีผล RT-PCR เป็นลบไม่เกิน 72 ชม. ในกรณีไม่มีผลตรวจ RT-PCR ต้องทำ Rapid Antigen Test ทุกราย
74,คณะกรรมการโรคติดต่อจังหวัดเชียงใหม่ เผยเชียงใหม่ยังคงคุมเข้มการสกัดกั้นการแพร่ระบาดของโควิด-19 ในพื้นที่ ล่าสุดได้มีประกาศเพิ่มเติมเกี่ยวกับมาตรการควบคุมผู้เดินทางมาจากพื้นที่ควบคุมสูงสุดและเข้มงวด รวมถึงอำเภอแม่สอด จังหวัดตาก ที่จะเดินทางเข้ามาในพื้นที่จังหวัดเชียงใหม่
75,     สำนักข่าวต่างประเทศ รายงานโดยอ้างผลการวิจัยของหน่วยงานสาธารณสุขอังกฤษ หรือ พีเอชอี ที่ตีพิมพ์ในวารสารทางการแพทย์นิวอิงแลนด์ ที่ระบุว่า การฉีดวัคซีนโควิด-19 ของแอสตราเซเนกา หรือไฟเซอร์-ไบโอเอ็นเทค ครบ 2 โดส มีประสิทธิภาพในการป้องกันเชื้อโควิด-19 สายพันธุ์เดลตา ใกล้เคียงกับประสิทธิภาพในการป้องกันเชื้อสายอัลฟา ที่ระบาดเป็นวงกว้าง ก่อนหน้านี้ 
76,    สำนักข่าวต่างประเทศ รายงานว่า นายกรัฐมนตรีโยชิฮิเดะ ซูงะ ของญี่ปุ่น เตรียมพบกับนายอัลเบิร์ต เบอร์ลา ประธานเจ้าหน้าที่บริหารของบริษัทไฟเซอร์ อิงค์ อย่างเร็วที่สุด ภายในสัปดาห์นี้ เพื่อขอให้บริษัทไฟเซอร์ เร่งจัดส่งวัคซีนโควิด-19 ที่ญี่ปุ่นสั่งซื้อไว้แล้ว จำนวน 20 ล้านโดส ก่อนกำหนด 
77,โปรยหัว:      นับจากนี้ชาวอังกฤษจะสามารถใช้ชีวิตประจำวันได้โดยไร้ข้อจำกัดใดๆในการควบคุมโรค ไม่ต้องเว้นระยะห่าง ไม่ต้องสวมหน้ากากอนามัย ซึ่งนี่คือการเปลี่ยนแปลงครั้งใหญ่ที่เรียกว่า”วันแห่งเสรีภาพ” แต่เสรีภาพครั้งนี้จะยืนยาวเพียงใดในเมื่อขณะนี้อังกฤษยังมีผู้ติดเชื้อโควิด-19 ต่อวันสูง ...ติดตามจากรายงานพิเศษ..//
78,           กระทรวงสาธารณสุขอิสราเอลเปิดเผยเมื่อวานนี้ว่า วัคซีนของไฟเซอร์/ไบโอเอ็นเทค มีประสิทธิภาพในการต่อต้านเชื้อโควิด-19 ลดลงอยู่ที่ร้อยละ 39 โดยตัวเลขใหม่นี้อ้างอิงจากการใช้งานจริงในช่วงระหว่างวันที่ 20 มิถุนายน-17 กรกฎาคม พร้อมระบุด้วยว่า ประสิทธิภาพของวัคซีนไฟเซอร์/ไบโอเอ็นเทค ลดลงต่อเนื่อง ท่ามกลางการแพร่ระบาดของเชื้อกลายพันธุ์สายพันธุ์เดลตาในประเทศ
79,"   เวียดนามกำลังเผชิญกับผู้ติดเชื้อโควิด-19 รายวันพุ่งสูงขึ้น โดยเมื่อวานนี้วันเดียวพบผู้ติดเชื้อถึง 6,194 คน ซึ่งเป็นสถิติรายวันสูงสุด ทำให้มียอดผู้ติดเชื้อสะสมแล้วอย่างน้อย 74,371 คน    ขณะที่การฉีดวัคซีนในเวียดนามยังเป็นไปอย่างล่าช้า ด้วยปัจจัยหลายประการ และขณะนี้รัฐบาลเวียดนามกำลังเจรจากับรัฐบาลสหรัฐ เกี่ยวกับความเป็นไปได้เรื่องการรับการถ่ายทอดเทคโนโลยีจากผู้ผลิตวัคซีนชนิดเอ็มอาร์เอ็นเอ และการตั้งโรงงานในเวียดนาม ซึ่งหากประสบความสำเร็จ แผนการก่อสร้างเร็วที่สุด น่าจะเกิดขึ้นได้ภายในไตรมาสสุดท้ายของปีหน้า                         อย่างไรก็ตามทางไฟเซอร์และโมเดอร์นายังปฏิเสธที่จะให้ความเห็นในเรื่องนี้."
80, กระทรวงสาธารณสุขอิสราเอลเปิดเผยเมื่อวานนี้ว่า วัคซีนของไฟเซอร์/ไบโอเอ็นเทค มีประสิทธิภาพในการป้องกันเชื้อโควิด-19 ลดลงเหลือร้อยละ 39 โดยตัวเลขใหม่นี้อ้างอิงจากการใช้งานจริงช่วงระหว่างวันที่ 20 มิถุนายน-17 กรกฎาคม พร้อมระบุด้วยว่า ประสิทธิภาพของวัคซีนไฟเซอร์/ไบโอเอ็นเทค ลดลงต่อเนื่อง ในช่วงที่เชื้อกลายพันธุ์สายพันธุ์เดลตาแพร่ระบาดในประเทศ
81,"พญ.อภิสมัย ศรีรังสรรค์ ผู้ช่วยโฆษกศูนย์บริหารสถานการณ์การแพร่ระบาดของโรคติดเชื้อไวรัสโคโรนา 2019 (โควิด-19) หรือ ศบค. รายงานตัวเลขผู้ติดเชื้อโควิด -19 วันนี้ เพิ่มขึ้น 14,575 ราย ผู้ป่วยยืนยันสะสม 467,707 ราย หายป่วยเพิ่ม 7,775 ราย รวมหายป่วยแล้ว 320,152 ราย รักษาตัวอยู่ที่โรงพยาบาล 143,744 ราย เป็นผู้ป่วยอาการหนัก 3,984 ราย, ใส่เครื่องช่วยหายใจ 900 ราย เสียชีวิตเพิ่ม 114 คน ผู้เสียชีวิตสะสมรวม 3,811 คน ผู้ป่วยยืนยันสะสมรอกใหม่ ตั้งแต่วันที่ 1 เมษายน 2563 - 23 กรกฎาคม 2564 จำนวน 438,844 ราย "
82,สรุปข่าวประจำสัปดาห์ ( 19 - 22 กรกฎาคม 2564 )
83,             คณะผู้เขียนรายงานผลวิจัยภายใต้การควบคุมของมหาวิทยาลัยออกซ์ฟอร์ดในอังกฤษระบุว่า  การเว้นระยะห่างฉีดวัคซีนโควิด-19ของไฟเซอร์/ไบโอเอ็นเทคนานขึ้นระหว่างโดสหนึ่งกับโดสสอง
84, 
85,
86,
87,
88,    องค์การยาแห่งยุโรปอนุมัติใช้วัคซีนโควิด-19 ของโมเดอร์นาหรือสไปค์แวกซ์ในเด็กวัยรุ่น อายุ 12-17 ปีแล้วเมื่อวานนี้ นับเป็นวัคซีนขนานที่สองที่ได้รับการอนุมัติใช้กับเด็กวัยรุ่นในยุโรป  หลังจากมีการอนุมัติใช้วัคซีนของไฟเซอร์/ไบโอเอ็นเทค ในเด็กช่วงอายุดังกล่าวเมื่อเดือนพฤษภาคมที่ผ่านมา โดยการฉีดวัคซีนให้เด็กวัยรุ่นนั้นมีความสำคัญต่อการสร้างภูมิคุ้มกันหมู่ในการต่อต้านเชื้อโควิด-19 ท่ามกลางการแพร่ระบาดของเชื้อกลายพันธุ์สายพันธุ์เดลตา
89,
90,
91,        นายแรนดีพ กูเลเรีย ผู้อำนวยการสถาบันสุขภาพในกรุงนิวเดลีของอินเดียกล่าววานนี้ว่า มีแนวโน้มว่าอินเดียจะเริ่มฉีดวัคซีนโควิด-19 ให้เด็กภายในเดือนกันยายนนี้ นับเป็นการเคลื่อนไหวที่จะยับยั้งห่วงโซ่การแพร่เชื้อโรคดังกล่าว
92, องค์การยาแห่งยุโรปอนุมัติใช้วัคซีนโควิด-19 ของโมเดอร์นาหรือสไปค์แวกซ์ในเด็กวัยรุ่น อายุ 12-17 ปีแล้วเมื่อวานนี้ นับเป็นวัคซีนขนานที่สองที่ได้รับการอนุมัติใช้กับเด็กวัยรุ่นในยุโรป หลังจากมีการอนุมัติใช้วัคซีนของไฟเซอร์/ไบโอเอ็นเทคในเด็กช่วงอายุดังกล่าวเมื่อเดือนพฤษภาคมที่ผ่านมาโดยการฉีดวัคซีนให้เด็กวัยรุ่นมีความสำคัญต่อการสร้างภูมิคุ้มกันหมู่ในการต่อต้านเชื้อโควิด-19 ท่ามกลางการแพร่ระบาดของเชื้อกลายพันธุ์สายพันธุ์เดลตา
93,"นพ.รุ่งเรือง กิจผาติ ที่ปรึกษาระดับกระทรวงและโฆษกกระทรวงสาธารณสุข กล่าวถึงว่าจากกรณีที่มีการเผยเเพร่ในโลกออนไลน์เรื่องการจัดสรรวัคซีนไฟเซอร์ ให้แก่บุคลากรทางการแพทย์และด่านหน้า เพียง 200,000 โดส กระทรวงสาธารณสุข ยืนยัน เป็นข้อมูลที่ไม่จริง ซึ่งข้อมูลที่ถูกต้องบุคลากรทางการเเพทย์และบุคคลากรด้านหน้าทุกคนที่มีความเสี่ยง จะได้รับการฉีดไฟเซอร์ จำนวน 5 แสนโดส เพื่อกระตุ้นเป็นเข็มสาม คาดว่าจะฉีดภายในต้นเดือนสิงหาคมนี้ และขณะนี้มีบุคลากรทางการแพทย์บางส่วน ได้รับวัคซีนเข็มสามเป็นแอตร้าเซนเนก้าแล้ว และพบข้อมูลหลังฉีดไปแล้วมีภูมิคุ้มกันที่เพิ่มขึ้น "
94,    สำนักข่าวต่างประเทศ รายงานโดยอ้างการเปิดเผยของ กระทรวงสาธารณสุขอิสราเอล ที่ระบุว่า วัคซีนโควิด-19 ของไฟเซอร์-ไบโอเอ็นเทค มีประสิทธิภาพลดลงในการป้องกันเชื้อโควิด-19 สายพันธุ์เดลตา แต่การฉีดวัคซีนดังกล่าว ครบ 2 โดส ยังคงมีประสิทธิภาพ ในการป้องกันการที่ผู้ป่วยโรคโควิด-19 ต้องเข้ารักษาตัวในโรงพยาบาล และยังป้องกันอาการป่วยรุนแรงได้เป็นอย่างดี
95,           สำนักข่าวต่างประเทศ รายงานโดยอ้างการเปิดเผยของ กระทรวงสาธารณสุขอิสราเอล ที่ระบุว่า วัคซีนโควิด-19 ของไฟเซอร์-ไบโอเอ็นเทค มีประสิทธิภาพลดลงในการป้องกันเชื้อโควิด-19 สายพันธุ์เดลตา แต่การฉีดวัคซีนดังกล่าว ครบ 2 โดส ยังคงมีประสิทธิภาพ ในการป้องกันการที่ผู้ป่วยโรคโควิด-19 ต้องเข้ารักษาตัวในโรงพยาบาล และยังป้องกันอาการป่วยรุนแรงได้เป็นอย่างดี
96,นพ.โอภาส การย์กวินพงศ์ อธิบดีกรมควบคุมโรค กล่าวถึงกรณีวัคซีนไฟเซอร์ 1.5 ล้านโดส  กำหนดการเครื่องบินขนส่งวัคซีน จะออกเดินทางจากสหรัฐอเมริกาในวันที่ 29 กรกฎาคม 2564  โดยคาดว่าจะถึงประเทศไทยในวันถัดไป ทราบว่าเบื้องต้นมีการตรวจสอบคุณภาพของวัคซีนล็อตดังกล่าวมาแล้ว เมื่อมาถึงก็สามารถตรวจสอบเอกสารต่างๆ ให้ครบถ้วนก่อนการกระจายลงพื้นที่ ทั้งนี้ สิ่งสำคัญคือ วัคซีนไฟเซอร์ ต้องเก็บในอุณหภูมิ -70 องศาเซลเซียส เมื่อมาถึงจึงต้องรีบนำเข้าคลังที่มีอุณหภูมิตามกำหนด จากนั้นจะดูว่าต้องกระจายไปจังหวัดใดบ้าง
97,
98,
99,
100,
101,
102,
103,ประมวลข่าวทั่วไทยประจำวันที่ 29 กรกฎาคม 2564
104, ไฟเซอร์ บริษัทชีวเภสัชภัณฑ์ของสหรัฐระบุว่า วัคซีนโควิด-19โดสสามของไฟเซอร์/                   ไบโอเอ็นเทค สามารถกระตุ้นภูมิคุ้มกันได้ดียิ่งขึ้นในการต่อต้านเชื้อกลายพันธุ์สายพันธุ์เดลตา           โดยระดับแอนติบอดีในกลุ่มผู้มีอายุ 18-55 ปี ที่ได้รับวัคซีนไฟเซอร์/ไบโอเอ็นเทคโดสสาม สูงกว่า หลังการรับวัคซีนโดส 2 ถึง 5 เท่า ขณะที่ในกลุ่มอายุ 65-85 ปี ระดับแอนติบอดีเพิ่มขึ้น 11 เท่า อย่างไรก็ตามข้อมูลดังกล่าวยังไม่ได้รับการตรวจสอบจากผู้เชี่ยวชาญ ทำให้ยังไม่แน่ชัดว่าระดับแอนติบอดีที่เพิ่มขึ้นมีความสัมพันธ์กับปัจจัยอื่นด้วยหรือไม่    ทั้งนี้สำนักข่าวซีเอ็นเอ็นรายงานอ้างคำกล่าวของดร.มิคาเอล ดอลสเตน ผู้นำด้านการวิจัย การพัฒนา และการแพทย์ทั่วโลกของไฟเซอร์ ว่า ไฟเซอร์จะยื่นขออนุมัติการฉีดวัคซีนโดสสาม เป็นกรณีฉุกเฉินอย่างเร็วที่สุดในเดือนหน้า.
105,       สำนักงานคณะกรรมการอาหารและยาสหรัฐ หรือ เอฟดีเอ อนุมัติให้ขยายอายุการเก็บรักษา วัคซีนโควิด-19 ของจอห์นสัน แอนด์ จอห์นสัน ออกไปเป็น 6 เดือน จากปัจจุบันที่กำหนดอายุการใช้งานเพียง 4 เดือนครึ่ง โดยสามารถเก็บรักษาในอุณหภูมิตู้เย็นปกติ คือ 2-8 องศาเซลเซียส และ วัคซีนยังมีคุณภาพดีคงที่ เมื่อเก็บรักษาอยู่ในระยะเวลาดังกล่าว            ทั้งนี้วัคซีนของจอห์นสันแอนด์จอห์นสันได้รับการอนุมัติใช้แป็นกรณีฉุกเฉินในสหรัฐ                เมื่อเดือนกุมภาพันธ์ที่ผ่านมา ซึ่งในขณะนั้นระบุอายุการใช้งานผลิตภัณฑ์ไว้นานสูงสุด 3 เดือน               เมื่อเก็บรักษาในอุณหภูมิตู้เย็นปกติ และขยายเป็น 4 เดือนครึ่ง เมื่อเดือนมิถุนายน ขณะที่วัคซีนของไฟเซอร์/ไบโอเอ็นเทค และโมเดอร์นา มีอายุการใช้งานนาน 6 เดือน แต่การเก็บรักษาวัคซีนสองขนานนี้ยุ่งยากกว่า เนื่องจากต้องอยู่ในอุณหภูมิเย็นจัดประมาณ -70 องศาเซลเซียส.
106,  สำนักงานคณะกรรมการอาหารและยาสหรัฐ หรือ เอฟดีเอ อนุมัติให้ขยายอายุการเก็บรักษา วัคซีนโควิด-19 ของจอห์นสัน แอนด์ จอห์นสัน ออกไปเป็น 6 เดือน จากปัจจุบันที่กำหนดอายุการใช้งานเพียง 4 เดือนครึ่ง โดยสามารถเก็บรักษาในอุณหภูมิตู้เย็นปกติ คือ 2-8 องศาเซลเซียส และ วัคซีนยังมีคุณภาพดีคงที่ เมื่อเก็บรักษาอยู่ในระยะเวลาดังกล่าว
107,
108,        สถานเอกอัครราชทูตสหรัฐฯ ประจำประเทศไทย โพสต์ข้อความเมื่อเช้าวันนี้ว่า “วัคซีนไฟเซอร์ 1.5 ล้านโดส” ที่บริจาคโดยสหรัฐอเมริกา เดินทางถึงไทยแล้ว พร้อมสำหรับส่งมอบให้กับกระทรวงสาธารณสุข โดยจะมีการเตรียมการ ทั้งการเก็บรักษา การผสมวัคซีน หรือการนัดหมายการฉีด โดยมี นายอนุทิน ชาญวีรกูล. รองนายกรัฐมนตรีแลรัฐมนตรีว่าการกระทรวงสาธารณสุข บุคลากรกระทรวงสาธารณสุข เจ้าหน้าที่ และหน่วยงานที่เกี่ยวข้องเป็นผู้รับมอบ โดยวันนี้จะมีการอบรมให้กับบุคลากรทั่วประเทศในรูปแบบระบบออนไลน์ 
109, 
110,           สำนักข่าวประเทศรายงานว่า ประธานาธิบดีไอแซค เฮอร์ซ็อก ของอิสราเอล วัย 60 ปี เข้ารับการฉีดวัคซีนของโควิด-19 ของไฟเซอร์-ไบโอเอ็นเทค เข็มที่สามแล้ว เมื่อวานนี้ ที่ศูนย์การแพทย์ในนครเทลอาวีฟ หลังรัฐบาลอิสราเอล ประกาศเริ่มโครงการฉีดวัคซีนโควิด-19 เข็มที่สาม ให้ผู้ที่มีอายุตั้งแต่ 60 ปี ขึ้นไป เพื่อกระตุ้นภูมิคุ้มกันในกลุ่มผู้สูงอายุ และควบคุมการระบาดของเชื้อสายพันธุ์เดลตา
111,"นายแพทย์สุวรรณชัย วัฒนายิ่งเจริญชัย อธิบดีกรมอนามัย กล่าวว่า สถานการณ์การแพร่ระบาดของโรคโควิด-19 ในกลุ่มเด็กปฐมวัย อายุต่ำกว่า 6 ปี ตั้งแต่วันที่ 1 ธันวาคม 2563 – 25 กรกฎาคม 2564 พบมีเด็กอายุต่ำกว่า 6 ปี ติดเชื้อ 13,444 ราย มีอาการรุนแรง 791 ราย และเสียชีวิต 2 ราย เป็นเด็กวัย 1 เดือน และ 2 เดือน โดยพบเด็กทั้ง 2 รายที่เสียชีวิต เนื่องจากมีโรคประจำตัวคือ โรคหัวใจพิการแต่กำเนิดชนิดรุนแรง และสัมผัสบุคคลที่เป็นโรคในครอบครัว และเริ่มมีความเสี่ยงที่โรคจะรุนแรงขึ้นเรื่อยๆ "
112,"นพ.สุระ วิเศษศักดิ์ รองปลัดกระทรวงสาธารณสุข เปิดเผยถึงการจัดสรรวัคซีนไฟเซอร์ ที่ได้รับสนับสนุนจากอเมริกา 1.5 ล้านโดส ซึ่งจำนวนนี้ 700,000 โดส แบ่งให้สำหรับฉีดเป็นเข็ม 3 กระตุ้นภูมิคุ้มกันให้บุคลากรด่านหน้า ว่า เป็นตัวเลขที่จัดสรรจากฐานข้อมูลของกระทรวงสาธารณสุข แต่เมื่อได้ยอดเข้ามาชัดเจนแล้ว ส่วนของบุคลากรฉีดแอสตร้าเซนเนก้าเป็นเข็มที่ 3 ไปก่อนแล้ว จะหักออกแล้วจัดสรรให้กับกลุ่มอื่นต่อไป ซึ่งที่ประชุมศูนย์ปฏิบัติการฉุกเฉินด้านการแพทย์และสาธารณสุข (EOC) กรณีโรคโควิด-19 ที่มีนพ.เกียรติภูมิ วงศ์รจิต ปลัดกระทรวงสาธารณสุขเป็นประธาน เมื่อเช้าที่ผ่านมา (31 ก.ค.) เห็นว่ายังมีกลุ่มที่มีความเสี่ยงในการดูแลคนไข้ที่ติดโควิดได้ เช่น บุคลากรทางการแพทย์ ที่แม้จะไม่ได้อยู่ด่านหน้าโดยตรง แต่ก็มีความเสี่ยง จึงจะมีการพิจารณาตรงนี้เพิ่มเติมให้ ทั้งนี้กระทรวงสาธารณสุขได้เสนอ ศบค. ไปว่าวัคซีนไฟเซอร์ล็อตนี้ให้เป็นเข็ม 3 สำหรับบุคลากรการแพทย์ด่านหน้า ศบค.ก็รับทราบแบบนั้น จึงต้องจัดตามแบบนี้ไปก่อน ส่วนรอบถัดไปต้องมีการผ่อนคลายมากขึ้น"
